operation,mode,type,samples,median_seconds,median_ns_per_operation,min_ns_per_operation,max_ns_per_operation
add_sub,latency1,double,7,0.004002176,0.40021759999999995,0.3942536,0.4224132
add_sub,latency1,float,7,0.004052646,0.4052646,0.39555399999999996,0.4572007
add_sub,latency1,long_double,7,0.005973529,0.5973529,0.5926618,0.6275943
add_sub,throughput4,double,7,0.004661521,0.116538025,0.115437225,0.12423545
add_sub,throughput4,float,7,0.004650305,0.116257625,0.111188925,0.12750555
add_sub,throughput4,long_double,7,0.010727765,0.268194125,0.253913825,0.273550725
divide,latency1,double,7,0.030423361,3.0423361,3.0045424,3.3016404
divide,latency1,float,7,0.023840921,2.3840921,2.3297636,2.7142865
divide,latency1,long_double,7,0.034496832,3.4496832,3.3736384,3.4762618
divide,throughput4,double,7,0.033364582,0.8341145499999999,0.819048725,0.878925625
divide,throughput4,float,7,0.025262197,0.631554925,0.605646475,0.655810275
divide,throughput4,long_double,7,0.037673455,0.941836375,0.90996915,0.967771825
multiply,latency1,double,7,0.008437972,0.8437972,0.7988769,0.8670252
multiply,latency1,float,7,0.008246457,0.8246457,0.8031158999999999,0.9019468
multiply,latency1,long_double,7,0.008402759,0.8402759,0.8010722,0.8673892
multiply,throughput4,double,7,0.008576054,0.21440135,0.1982124,0.219133725
multiply,throughput4,float,7,0.008592968,0.2148242,0.200563325,0.218638775
multiply,throughput4,long_double,7,0.008449325,0.211233125,0.20014902500000004,0.21846575
