operation,mode,type,samples,median_seconds,median_ns_per_operation,min_ns_per_operation,max_ns_per_operation
add_sub,latency1,double,7,0.00429384,0.429384,0.4268057,0.4423439
add_sub,latency1,float,7,0.004321816,0.4321816,0.428256,0.4549527
add_sub,latency1,long_double,7,0.006456503,0.6456503,0.6444542,0.6480107
add_sub,throughput4,double,7,0.004698997,0.117474925,0.1164756,0.132680975
add_sub,throughput4,float,7,0.004713167,0.117829175,0.1166401,0.12070115
add_sub,throughput4,long_double,7,0.011032888,0.2758222,0.26889125,0.2831486
divide,latency1,double,7,0.029999559,2.9999559,2.8910647,3.0411015
divide,latency1,float,7,0.023331306,2.3331306,2.2697923,2.3689461
divide,latency1,long_double,7,0.033269199,3.3269199,3.2366241,3.4341865
divide,throughput4,double,7,0.033122992,0.8280747999999999,0.7993012250000001,0.85876035
divide,throughput4,float,7,0.024709182,0.61772955,0.6061129,0.625986975
divide,throughput4,long_double,7,0.036934361,0.923359025,0.9156689,0.96571355
multiply,latency1,double,7,0.008588363,0.8588363,0.8542833,0.862247
multiply,latency1,float,7,0.008603753,0.8603753,0.8584799,0.8638348
multiply,latency1,long_double,7,0.008590477,0.8590477,0.8568107,0.8655608
multiply,throughput4,double,7,0.008621885,0.215547125,0.21054045,0.23909915
multiply,throughput4,float,7,0.008618194,0.21545485,0.21372345,0.217148875
multiply,throughput4,long_double,7,0.008654777,0.216369425,0.209508875,0.219529175
